customerID,gender,SeniorCitizen,tenure,PhoneService,InternetService,MonthlyCharges,TotalCharges,Churn
CUST00001,Female,0,11,Yes,Fiber optic,101.13,1214.35,Yes
CUST00002,Male,0,0,Yes,Fiber optic,93.75,,Yes
CUST00003,Female,1,7,No,Fiber optic,95.27,612.81,Yes
CUST00004,Female,1,0,No,DSL,82.42,,Yes
CUST00005,Female,0,56,Yes,Fiber optic,44.17,2353.35,No
CUST00006,Female,0,31,Yes,Fiber optic,96.06,2880.78,No
CUST00007,Female,0,11,No,No,80.01,919.41,Yes
CUST00008,Female,0,5,Yes,DSL,94.02,494.87,Yes
CUST00009,Male,0,8,No,DSL,93.12,727.6,Yes
CUST00010,Female,0,1,No,DSL,91.98,101.67,No
CUST00011,Female,0,8,Yes,DSL,108.4,919.06,Yes
CUST00012,Male,1,60,Yes,Fiber optic,41.04,2144.6,No
CUST00013,Female,0,2,Yes,DSL,98.11,176.82,No
CUST00014,Male,0,10,Yes,No,73.26,829.12,Yes
CUST00015,Female,1,22,Yes,No,95.07,,No
CUST00016,Male,0,34,Yes,DSL,23.97,913.92,No
CUST00017,Male,0,24,No,Fiber optic,27.12,509.07,No
CUST00018,Male,0,12,Yes,DSL,78.91,876.67,No
CUST00019,Male,0,7,Yes,DSL,67.54,507.9,No
CUST00020,Male,0,29,Yes,DSL,95.58,2936.48,No
CUST00021,Male,0,8,No,DSL,69.61,590.14,No
CUST00022,Male,0,27,Yes,Fiber optic,51.32,1117.57,No
CUST00023,Male,0,65,No,DSL,39.8,2805.7,No
CUST00024,Female,0,25,Yes,Fiber optic,99.51,2674.44,No
CUST00025,Female,0,21,Yes,Fiber optic,93.67,,No
CUST00026,Female,0,4,No,Fiber optic,91.46,371.07,Yes
CUST00027,Female,1,9,No,DSL,107.78,914.81,No
CUST00028,Male,0,2,No,No,81.14,143.48,No
CUST00029,Female,1,3,No,Fiber optic,92.33,269.3,Yes
CUST00030,Female,0,1,Yes,DSL,90.05,98.41,No
CUST00031,Female,0,13,Yes,No,63.54,757.75,No
CUST00032,Male,0,6,Yes,No,106.96,627.45,No
CUST00033,Male,0,4,Yes,Fiber optic,81.16,356.03,Yes
CUST00034,Male,0,17,No,DSL,60.64,931.03,No
CUST00035,Female,0,38,Yes,Fiber optic,55.54,2409.48,No
CUST00036,Female,0,71,Yes,No,22.64,1516.3,No
CUST00037,Male,0,4,No,DSL,76.33,297.56,No
CUST00038,Female,0,37,No,DSL,35.49,1508.66,No
CUST00039,Female,0,3,No,Fiber optic,67.87,180.26,No
CUST00040,Male,0,15,No,No,64.02,843.39,No
CUST00041,Male,0,57,Yes,No,58.56,2984.3,No
CUST00042,Female,0,46,Yes,DSL,64.77,3004.69,No
CUST00043,Male,0,34,Yes,DSL,28.86,1168.63,No
CUST00044,Female,1,2,No,Fiber optic,101.71,214.37,No
CUST00045,Female,0,53,Yes,DSL,82.62,4565.43,No
CUST00046,Male,0,48,Yes,DSL,95.15,4751.91,No
CUST00047,Male,0,48,No,Fiber optic,78.91,3741.55,Yes
CUST00048,Female,0,0,No,No,77.62,,No
CUST00049,Male,0,56,Yes,Fiber optic,46.66,2487.57,No
CUST00050,Male,0,70,No,DSL,54.14,4433.47,No
CUST00051,Male,0,9,No,DSL,72.72,585.87,No
CUST00052,Female,0,12,Yes,Fiber optic,79.81,903.51,No
CUST00053,Female,0,15,No,No,94.45,1277.5,No
CUST00054,Female,0,49,Yes,No,44.62,2076.64,No
CUST00055,Male,0,5,Yes,DSL,69.84,384.0,No
CUST00056,Male,0,55,No,Fiber optic,93.76,5311.73,No
CUST00057,Male,1,12,No,DSL,36.41,509.75,No
CUST00058,Male,0,7,Yes,Fiber optic,68.6,421.6,No
CUST00059,Female,0,3,Yes,DSL,72.53,233.37,Yes
CUST00060,Male,0,51,No,DSL,77.26,,No
CUST00061,Female,0,2,Yes,DSL,100.16,204.71,Yes
CUST00062,Male,0,6,Yes,No,94.49,507.08,Yes
CUST00063,Male,0,45,No,Fiber optic,98.03,4432.71,Yes
CUST00064,Female,0,21,Yes,DSL,60.8,1356.9,No
CUST00065,Female,0,26,No,DSL,70.48,2025.7,No
CUST00066,Male,0,39,No,Fiber optic,42.5,1731.23,No
CUST00067,Female,0,6,No,No,66.51,354.26,No
CUST00068,Female,0,5,No,DSL,86.97,440.02,No
CUST00069,Female,0,5,Yes,DSL,75.59,360.85,No
CUST00070,Female,0,68,No,DSL,74.11,4881.16,No
CUST00071,Male,0,12,No,DSL,73.41,842.85,No
CUST00072,Female,1,39,Yes,DSL,83.51,2943.51,No
CUST00073,Female,0,71,Yes,Fiber optic,91.27,6042.0,No
CUST00074,Female,0,11,No,No,65.47,752.89,No
CUST00075,Female,0,7,No,No,87.32,579.3,Yes
CUST00076,Female,0,27,No,Fiber optic,42.56,1070.01,No
CUST00077,Female,0,1,Yes,No,104.23,106.51,Yes
CUST00078,Male,1,14,Yes,No,60.71,934.19,Yes
CUST00079,Female,0,32,No,No,61.88,2286.32,No
CUST00080,Male,0,46,No,Fiber optic,99.39,4460.29,No
CUST00081,Male,0,4,Yes,DSL,67.28,246.43,No
CUST00082,Male,0,7,Yes,DSL,75.33,502.5,No
CUST00083,Male,0,43,No,DSL,91.37,3569.78,No
CUST00084,Male,0,42,Yes,No,70.02,3197.96,No
CUST00085,Female,1,50,Yes,Fiber optic,50.25,2019.79,Yes
CUST00086,Female,1,7,No,DSL,86.38,620.9,Yes
CUST00087,Female,0,23,No,Fiber optic,71.74,1480.98,Yes
CUST00088,Female,0,65,No,DSL,65.49,4167.81,No
CUST00089,Female,0,64,Yes,DSL,83.31,5746.19,No
CUST00090,Female,0,17,Yes,DSL,23.29,399.55,No
CUST00091,Male,0,63,No,No,28.68,1199.42,No
CUST00092,Female,0,8,No,DSL,104.73,769.5,No
CUST00093,Female,0,16,Yes,No,65.43,1145.55,No
CUST00094,Male,0,24,No,No,79.38,2054.4,No
CUST00095,Male,0,57,No,DSL,77.06,4827.68,No
CUST00096,Female,1,57,No,DSL,26.58,1079.99,No
CUST00097,Female,0,25,Yes,DSL,61.2,1405.6,No
CUST00098,Male,0,15,Yes,Fiber optic,27.42,299.34,No
CUST00099,Female,0,0,No,DSL,82.06,,Yes
CUST00100,Female,1,68,No,Fiber optic,39.7,2291.93,Yes
CUST00101,Male,0,8,Yes,Fiber optic,104.6,896.89,No
CUST00102,Female,0,42,Yes,DSL,39.04,1963.6,No
CUST00103,Female,0,6,No,DSL,86.97,472.79,Yes
CUST00104,Female,0,55,No,No,90.03,4927.74,No
CUST00105,Male,0,16,Yes,Fiber optic,20.1,463.75,No
CUST00106,Female,0,52,No,No,89.71,,No
CUST00107,Male,0,3,Yes,DSL,68.56,223.95,No
CUST00108,Male,0,12,Yes,DSL,29.65,401.27,No
CUST00109,Female,0,1,No,DSL,99.67,95.34,No
CUST00110,Female,0,46,No,Fiber optic,60.66,3087.83,Yes
CUST00111,Female,0,8,Yes,DSL,77.86,629.14,Yes
CUST00112,Male,0,19,Yes,DSL,87.2,1777.53,No
CUST00113,Male,0,57,Yes,DSL,26.93,1373.1,No
CUST00114,Female,0,22,Yes,Fiber optic,22.38,407.43,No
CUST00115,Male,1,10,No,DSL,96.84,911.06,Yes
CUST00116,Female,0,3,Yes,Fiber optic,74.8,246.56,No
CUST00117,Female,0,23,No,DSL,91.06,1921.34,No
CUST00118,Female,0,5,Yes,DSL,89.89,494.76,No
CUST00119,Male,0,53,Yes,DSL,21.08,1486.51,No
CUST00120,Male,0,68,Yes,Fiber optic,49.35,3898.87,No
CUST00121,Male,0,59,Yes,Fiber optic,87.6,5120.05,Yes
CUST00122,Male,0,8,Yes,Fiber optic,71.22,622.91,Yes
CUST00123,Male,0,11,Yes,No,89.45,964.71,No
CUST00124,Male,0,12,Yes,Fiber optic,26.62,324.53,Yes
CUST00125,Male,0,14,Yes,Fiber optic,66.25,922.55,No
CUST00126,Female,0,2,Yes,DSL,97.11,204.08,No
CUST00127,Female,1,12,No,DSL,40.61,391.51,No
CUST00128,Female,0,13,No,DSL,53.01,670.71,No
CUST00129,Male,0,18,No,Fiber optic,38.62,654.92,Yes
CUST00130,Male,0,5,No,DSL,61.18,349.1,No
CUST00131,Male,1,8,Yes,Fiber optic,86.61,693.41,Yes
CUST00132,Female,1,1,No,Fiber optic,78.96,81.36,No
CUST00133,Female,0,36,Yes,Fiber optic,60.25,1908.87,No
CUST00134,Male,0,22,No,Fiber optic,87.39,1965.72,No
CUST00135,Female,1,33,No,No,24.68,589.39,Yes
CUST00136,Female,0,25,Yes,No,56.75,1324.82,No
CUST00137,Male,0,33,Yes,DSL,61.57,,No
CUST00138,Male,0,58,No,Fiber optic,45.99,3187.95,No
CUST00139,Male,0,10,Yes,Fiber optic,107.89,1030.13,Yes
CUST00140,Female,1,44,Yes,No,62.71,2533.74,No
CUST00141,Male,1,59,No,No,85.1,4921.84,No
CUST00142,Female,0,7,Yes,Fiber optic,87.21,574.39,Yes
CUST00143,Male,0,36,Yes,DSL,69.08,,No
CUST00144,Female,0,24,Yes,No,89.06,2260.08,No
CUST00145,Male,0,33,No,Fiber optic,54.71,2032.12,No
CUST00146,Male,0,9,No,Fiber optic,97.55,803.81,No
CUST00147,Male,0,9,No,DSL,92.16,754.0,Yes
CUST00148,Female,0,65,Yes,DSL,56.16,3098.05,No
CUST00149,Female,0,68,Yes,DSL,78.92,5499.85,No
CUST00150,Female,0,14,No,Fiber optic,20.42,245.26,No
CUST00151,Male,0,62,Yes,Fiber optic,53.95,3472.04,No
CUST00152,Female,0,64,Yes,No,45.02,2884.44,No
CUST00153,Female,1,12,Yes,Fiber optic,32.73,485.62,Yes
CUST00154,Female,0,66,No,DSL,41.47,2919.3,No
CUST00155,Male,0,6,No,Fiber optic,91.35,506.62,No
CUST00156,Male,0,9,Yes,DSL,68.3,537.15,No
CUST00157,Male,1,12,No,No,73.11,764.88,Yes
CUST00158,Male,0,9,Yes,Fiber optic,68.25,679.43,Yes
CUST00159,Female,0,64,No,Fiber optic,86.73,5174.13,No
CUST00160,Male,1,69,No,No,60.46,4413.38,No
CUST00161,Female,0,7,Yes,DSL,71.29,445.42,Yes
CUST00162,Female,1,40,No,No,42.3,1323.81,No
CUST00163,Female,0,7,Yes,Fiber optic,71.54,454.63,Yes
CUST00164,Female,0,63,Yes,Fiber optic,39.95,2226.84,No
CUST00165,Female,0,3,Yes,DSL,88.11,253.01,Yes
CUST00166,Male,0,36,Yes,DSL,89.21,3249.22,No
CUST00167,Female,0,5,No,Fiber optic,100.89,467.47,No
CUST00168,Female,0,42,Yes,No,61.96,2973.75,No
CUST00169,Male,1,55,No,DSL,69.26,3657.32,No
CUST00170,Male,0,57,No,No,60.37,3888.48,No
CUST00171,Male,0,26,No,DSL,74.87,2126.56,No
CUST00172,Female,0,11,No,No,64.4,677.08,No
CUST00173,Female,0,4,No,Fiber optic,70.39,306.15,Yes
CUST00174,Female,0,34,Yes,DSL,42.1,1482.18,No
CUST00175,Female,0,57,Yes,DSL,29.44,2217.74,No
CUST00176,Female,0,57,No,Fiber optic,42.1,2534.44,No
CUST00177,Male,0,27,No,Fiber optic,20.56,817.22,Yes
CUST00178,Male,0,5,Yes,Fiber optic,89.72,475.69,No
CUST00179,Female,1,66,No,DSL,93.82,5623.48,No
CUST00180,Female,1,44,Yes,DSL,67.3,2953.8,No
CUST00181,Male,1,17,Yes,Fiber optic,41.37,712.95,Yes
CUST00182,Female,0,11,No,No,79.6,781.06,Yes
CUST00183,Male,0,20,No,DSL,67.59,1212.86,No
CUST00184,Female,0,15,Yes,DSL,50.74,668.75,No
CUST00185,Male,0,3,No,DSL,64.97,174.69,No
CUST00186,Female,0,63,No,DSL,72.85,4495.66,No
CUST00187,Female,0,20,No,Fiber optic,57.92,1291.4,No
CUST00188,Male,1,49,Yes,No,47.96,2432.68,No
CUST00189,Female,0,56,Yes,Fiber optic,26.43,1667.41,No
CUST00190,Male,0,20,Yes,No,30.17,481.63,No
CUST00191,Male,0,0,Yes,Fiber optic,96.0,,No
CUST00192,Male,1,9,Yes,No,105.04,873.37,Yes
CUST00193,Male,1,34,No,DSL,48.4,1884.74,Yes
CUST00194,Female,0,35,No,Fiber optic,65.77,1955.51,No
CUST00195,Female,0,56,Yes,Fiber optic,44.22,2602.23,No
CUST00196,Male,0,11,Yes,No,70.14,845.83,Yes
CUST00197,Male,0,0,No,DSL,109.04,,Yes
CUST00198,Female,0,71,Yes,DSL,30.86,2624.02,No
CUST00199,Male,0,65,No,No,37.91,2009.02,No
CUST00200,Female,1,16,Yes,DSL,32.88,504.41,No
CUST00201,Female,0,58,No,DSL,86.77,4972.09,No
CUST00202,Male,0,36,Yes,DSL,85.41,3129.55,No
CUST00203,Female,1,10,No,DSL,95.29,935.21,Yes
CUST00204,Female,0,70,Yes,DSL,86.13,6349.73,No
CUST00205,Female,1,11,No,No,73.43,735.84,Yes
CUST00206,Male,1,3,Yes,DSL,108.09,301.15,Yes
CUST00207,Male,0,5,Yes,Fiber optic,106.82,547.62,Yes
CUST00208,Female,0,12,No,Fiber optic,47.11,519.54,No
CUST00209,Male,0,10,Yes,Fiber optic,74.83,732.59,Yes
CUST00210,Male,0,1,Yes,Fiber optic,73.79,71.86,No
CUST00211,Male,0,65,Yes,Fiber optic,84.17,5069.13,Yes
CUST00212,Male,0,5,Yes,DSL,75.37,350.02,Yes
CUST00213,Male,0,12,No,DSL,31.7,421.59,No
CUST00214,Male,0,5,Yes,Fiber optic,95.25,432.85,Yes
CUST00215,Male,1,23,No,Fiber optic,64.75,1633.22,Yes
CUST00216,Female,0,7,No,Fiber optic,64.92,388.09,No
CUST00217,Male,0,63,No,Fiber optic,78.67,5051.14,No
CUST00218,Female,0,3,Yes,DSL,104.17,310.6,No
CUST00219,Male,1,23,Yes,DSL,60.16,1440.37,No
CUST00220,Male,0,29,No,DSL,77.35,2330.97,No
CUST00221,Male,0,56,Yes,DSL,58.14,2782.7,No
CUST00222,Male,0,2,Yes,DSL,68.27,146.63,No
CUST00223,Male,0,12,Yes,DSL,44.43,509.29,No
CUST00224,Female,0,31,No,Fiber optic,78.81,2679.82,Yes
CUST00225,Male,0,5,Yes,Fiber optic,66.63,319.59,No
CUST00226,Male,0,3,No,Fiber optic,98.54,304.21,Yes
CUST00227,Female,1,6,No,Fiber optic,91.44,576.19,Yes
CUST00228,Male,0,1,No,No,108.86,108.04,No
CUST00229,Male,0,9,No,DSL,71.92,599.44,Yes
CUST00230,Female,1,38,No,Fiber optic,67.28,2469.75,No
CUST00231,Female,1,7,No,DSL,74.07,563.76,Yes
CUST00232,Male,1,7,No,Fiber optic,71.9,500.55,Yes
CUST00233,Male,0,10,No,Fiber optic,103.05,1107.56,Yes
CUST00234,Female,0,29,Yes,No,31.67,967.03,No
CUST00235,Female,0,8,No,DSL,89.21,770.16,No
CUST00236,Female,0,7,No,DSL,102.87,762.54,Yes
CUST00237,Female,0,42,Yes,Fiber optic,85.72,3585.86,No
CUST00238,Female,0,7,Yes,Fiber optic,86.17,581.0,Yes
CUST00239,Female,0,11,Yes,Fiber optic,91.83,903.93,Yes
CUST00240,Male,0,27,Yes,No,91.96,2538.13,No
CUST00241,Male,0,38,No,Fiber optic,41.09,1283.5,No
CUST00242,Female,0,67,No,DSL,80.34,4805.22,No
CUST00243,Female,0,28,Yes,Fiber optic,43.83,1067.53,Yes
CUST00244,Female,0,41,No,DSL,39.51,1574.22,No
CUST00245,Female,0,39,Yes,Fiber optic,36.61,1692.88,No
CUST00246,Male,0,51,No,DSL,68.19,3651.23,No
CUST00247,Male,0,56,No,No,70.73,4276.58,No
CUST00248,Male,0,7,Yes,No,65.29,513.7,No
CUST00249,Female,0,54,No,Fiber optic,95.47,5528.33,No
CUST00250,Female,0,42,No,Fiber optic,24.74,1075.07,No
CUST00251,Female,0,19,Yes,Fiber optic,23.74,375.2,No
CUST00252,Female,1,66,No,No,42.25,2579.62,No
CUST00253,Female,0,33,Yes,No,23.07,699.82,No
CUST00254,Male,0,60,Yes,No,96.81,6137.56,No
CUST00255,Male,0,42,Yes,Fiber optic,30.34,1553.05,Yes
CUST00256,Male,0,9,Yes,DSL,103.57,945.83,Yes
CUST00257,Female,0,48,Yes,Fiber optic,79.15,4082.27,No
CUST00258,Male,0,72,Yes,DSL,35.78,2566.31,No
CUST00259,Male,0,9,No,Fiber optic,62.97,482.58,Yes
CUST00260,Male,0,69,No,No,24.37,1843.3,No
CUST00261,Female,0,70,No,No,38.3,2356.11,No
CUST00262,Female,0,18,Yes,DSL,40.29,816.97,No
CUST00263,Female,1,7,Yes,DSL,79.27,548.49,Yes
CUST00264,Male,0,64,No,Fiber optic,21.55,1783.44,No
CUST00265,Female,0,33,Yes,DSL,36.92,1140.7,No
CUST00266,Male,1,0,Yes,No,81.12,,Yes
CUST00267,Female,0,4,No,Fiber optic,89.13,351.08,No
CUST00268,Female,0,47,No,No,73.67,3757.05,No
CUST00269,Male,0,55,No,Fiber optic,25.74,1686.06,Yes
CUST00270,Female,0,35,No,Fiber optic,67.92,2378.4,Yes
CUST00271,Male,0,67,Yes,DSL,92.01,5795.86,No
CUST00272,Male,1,61,No,Fiber optic,85.77,5129.75,Yes
CUST00273,Male,0,32,Yes,DSL,23.89,808.99,No
CUST00274,Male,0,36,No,No,62.45,2480.29,No
CUST00275,Female,1,6,No,Fiber optic,82.79,488.05,Yes
CUST00276,Female,0,7,Yes,No,94.81,678.15,No
CUST00277,Female,1,51,Yes,No,77.05,4382.6,No
CUST00278,Male,0,11,No,Fiber optic,100.41,1127.7,Yes
CUST00279,Male,0,10,No,DSL,88.53,833.26,Yes
CUST00280,Female,0,0,Yes,Fiber optic,60.7,,No
CUST00281,Male,0,9,Yes,DSL,96.86,939.0,Yes
CUST00282,Male,0,21,Yes,Fiber optic,67.97,1483.6,Yes
CUST00283,Female,0,29,Yes,Fiber optic,66.34,1761.62,No
CUST00284,Male,1,24,No,Fiber optic,29.19,785.79,Yes
CUST00285,Female,0,17,Yes,No,63.15,1181.82,No
CUST00286,Female,0,4,Yes,DSL,101.0,367.01,Yes
CUST00287,Male,1,13,Yes,Fiber optic,96.78,1263.52,No
CUST00288,Female,0,6,Yes,Fiber optic,65.49,406.32,No
CUST00289,Female,0,4,Yes,Fiber optic,95.21,396.62,Yes
CUST00290,Male,0,12,No,DSL,23.18,343.97,No
CUST00291,Female,0,9,No,Fiber optic,78.5,,No
CUST00292,Male,0,8,Yes,No,78.3,594.33,Yes
CUST00293,Female,1,56,Yes,DSL,54.98,2551.28,No
CUST00294,Female,0,25,Yes,Fiber optic,20.68,674.82,No
CUST00295,Male,0,0,Yes,No,104.65,,Yes
CUST00296,Female,0,58,No,DSL,59.91,3333.92,No
CUST00297,Male,1,24,Yes,No,89.08,2295.8,No
CUST00298,Male,0,51,No,No,85.88,4482.28,No
CUST00299,Female,0,64,No,No,45.11,2327.39,No
CUST00300,Male,0,9,Yes,Fiber optic,100.82,959.31,No
CUST00301,Female,0,59,Yes,DSL,58.26,3678.78,No
CUST00302,Male,0,32,No,Fiber optic,83.21,2934.82,No
CUST00303,Female,0,58,No,DSL,91.0,5842.9,No
CUST00304,Male,1,22,No,DSL,69.5,1375.51,No
CUST00305,Female,0,28,Yes,Fiber optic,24.68,705.49,Yes
CUST00306,Male,0,21,No,Fiber optic,61.01,,No
CUST00307,Male,0,9,Yes,DSL,68.7,668.22,No
CUST00308,Male,1,59,No,Fiber optic,46.04,2743.11,No
CUST00309,Male,0,13,Yes,Fiber optic,60.44,783.84,Yes
CUST00310,Male,0,2,Yes,DSL,75.9,155.3,Yes
CUST00311,Male,1,65,No,DSL,20.64,1895.94,No
CUST00312,Male,0,26,No,DSL,54.62,1658.13,No
CUST00313,Male,0,53,Yes,DSL,65.66,3385.51,No
CUST00314,Male,0,51,Yes,No,96.42,5149.8,No
CUST00315,Female,0,14,No,DSL,67.46,1027.96,No
CUST00316,Female,0,6,Yes,No,100.92,619.57,No
CUST00317,Female,0,3,No,DSL,96.23,294.03,No
CUST00318,Male,1,8,No,No,94.11,703.95,No
CUST00319,Female,0,10,No,No,78.6,803.35,Yes
CUST00320,Male,0,20,No,Fiber optic,56.53,1034.14,No
CUST00321,Male,0,25,Yes,Fiber optic,96.43,2531.66,Yes
CUST00322,Male,0,28,Yes,Fiber optic,78.03,2462.04,No
CUST00323,Female,0,2,No,No,70.59,152.29,No
CUST00324,Male,0,13,Yes,DSL,32.02,335.82,No
CUST00325,Female,0,51,Yes,No,95.37,5331.3,No
CUST00326,Female,0,26,Yes,No,65.29,1934.75,No
CUST00327,Male,0,47,No,DSL,24.32,1408.17,No
CUST00328,Male,0,27,No,No,50.97,1138.29,No
CUST00329,Female,0,8,Yes,DSL,96.99,777.56,Yes
CUST00330,Female,1,29,Yes,No,93.62,2467.41,Yes
CUST00331,Male,0,52,Yes,DSL,20.36,552.48,No
CUST00332,Female,0,68,Yes,Fiber optic,97.09,6220.04,No
CUST00333,Female,0,56,No,DSL,92.64,5275.41,No
CUST00334,Female,0,70,No,Fiber optic,33.48,1678.45,No
CUST00335,Male,0,11,No,DSL,97.8,978.09,Yes
CUST00336,Male,0,57,No,DSL,92.39,5002.42,No
CUST00337,Male,1,20,Yes,No,46.14,917.51,No
CUST00338,Female,0,36,Yes,Fiber optic,38.04,1206.27,Yes
CUST00339,Male,1,39,Yes,DSL,20.34,867.6,No
CUST00340,Female,1,11,Yes,Fiber optic,76.57,854.98,Yes
CUST00341,Male,0,27,No,DSL,32.94,785.45,No
CUST00342,Male,0,67,No,DSL,54.69,3105.75,No
CUST00343,Female,0,17,Yes,Fiber optic,89.02,1518.73,No
CUST00344,Male,0,65,Yes,DSL,77.78,4508.45,No
CUST00345,Female,0,36,No,Fiber optic,89.96,2888.03,No
CUST00346,Male,1,0,Yes,No,77.24,,No
CUST00347,Male,1,60,Yes,DSL,26.69,1075.4,No
CUST00348,Male,0,50,No,Fiber optic,87.0,4268.96,Yes
CUST00349,Female,1,1,No,Fiber optic,86.96,91.01,Yes
CUST00350,Female,0,16,Yes,Fiber optic,80.52,1192.35,No
CUST00351,Female,0,50,No,DSL,99.38,4486.57,No
CUST00352,Male,0,56,Yes,Fiber optic,28.28,1945.24,No
CUST00353,Female,0,9,Yes,No,91.84,,Yes
CUST00354,Male,0,4,Yes,DSL,86.16,309.11,Yes
CUST00355,Male,0,26,Yes,Fiber optic,22.09,399.12,No
CUST00356,Female,1,56,No,Fiber optic,20.98,1167.4,Yes
CUST00357,Male,0,0,No,DSL,69.83,,No
CUST00358,Female,1,57,Yes,DSL,81.23,4416.67,No
CUST00359,Female,0,67,Yes,Fiber optic,35.5,2979.22,No
CUST00360,Male,0,30,No,DSL,73.14,,No
CUST00361,Male,0,8,No,No,60.2,553.54,No
CUST00362,Male,0,10,No,DSL,88.48,851.02,Yes
CUST00363,Female,1,3,Yes,Fiber optic,90.0,298.66,Yes
CUST00364,Female,0,18,Yes,No,73.1,1427.28,No
CUST00365,Female,1,5,No,Fiber optic,62.84,302.29,No
CUST00366,Male,1,12,No,DSL,69.79,792.32,No
CUST00367,Female,0,64,Yes,No,38.03,2729.95,No
CUST00368,Male,0,40,No,DSL,28.35,1112.86,No
CUST00369,Male,0,71,No,Fiber optic,40.47,3147.1,No
CUST00370,Female,0,68,Yes,Fiber optic,54.53,3690.24,No
CUST00371,Male,0,46,No,Fiber optic,97.1,4552.73,No
CUST00372,Female,0,45,Yes,Fiber optic,66.38,3151.79,No
CUST00373,Female,0,51,No,Fiber optic,47.84,,No
CUST00374,Male,0,72,Yes,Fiber optic,44.09,2778.18,Yes
CUST00375,Male,0,3,No,No,108.87,300.16,Yes
CUST00376,Male,0,45,No,DSL,56.42,2929.51,No
CUST00377,Female,0,29,Yes,Fiber optic,90.26,,No
CUST00378,Male,0,55,Yes,No,50.47,2709.14,No
CUST00379,Male,0,17,Yes,Fiber optic,29.79,643.91,Yes
CUST00380,Male,0,27,No,DSL,30.76,723.25,No
CUST00381,Female,0,3,No,Fiber optic,66.35,,No
CUST00382,Female,0,16,No,DSL,43.75,798.05,No
CUST00383,Male,0,46,No,Fiber optic,82.6,3606.04,No
CUST00384,Male,0,60,No,Fiber optic,43.21,2960.76,No
CUST00385,Male,0,0,No,Fiber optic,79.33,,No
CUST00386,Male,0,8,Yes,DSL,85.12,690.23,Yes
CUST00387,Female,1,43,Yes,No,37.12,1563.19,No
CUST00388,Male,1,43,Yes,DSL,65.86,3114.67,No
CUST00389,Female,1,11,Yes,No,62.93,723.92,No
CUST00390,Female,0,18,Yes,DSL,68.75,1233.57,No
CUST00391,Male,1,11,No,Fiber optic,84.86,937.46,Yes
CUST00392,Female,1,65,No,DSL,41.11,2484.93,Yes
CUST00393,Male,1,6,No,DSL,102.58,592.43,Yes
CUST00394,Female,0,53,No,Fiber optic,98.11,5055.28,No
CUST00395,Female,0,53,Yes,DSL,86.2,4264.69,No
CUST00396,Female,0,48,No,Fiber optic,20.22,1063.89,No
CUST00397,Female,0,15,No,Fiber optic,88.53,,No
CUST00398,Male,0,52,Yes,Fiber optic,94.06,5094.75,No
CUST00399,Male,1,41,Yes,DSL,45.33,1675.69,No
CUST00400,Male,0,2,Yes,No,71.44,124.06,Yes
CUST00401,Male,0,21,No,No,50.3,913.84,No
CUST00402,Female,0,70,No,No,55.34,3617.04,No
CUST00403,Male,0,16,Yes,No,97.88,1473.09,No
CUST00404,Female,0,27,No,Fiber optic,88.59,2619.41,No
CUST00405,Male,0,68,No,DSL,47.67,3809.98,No
CUST00406,Female,0,12,No,DSL,70.3,820.73,No
CUST00407,Female,0,8,Yes,DSL,69.35,547.23,No
CUST00408,Female,0,6,No,Fiber optic,81.63,470.55,Yes
CUST00409,Male,0,62,No,No,37.93,2914.66,No
CUST00410,Male,0,36,No,Fiber optic,94.2,3234.71,No
CUST00411,Male,0,20,No,DSL,80.67,1545.44,No
CUST00412,Male,0,6,No,No,74.72,484.78,Yes
CUST00413,Male,0,35,Yes,Fiber optic,59.15,1768.96,No
CUST00414,Female,0,43,Yes,No,87.46,4112.86,No
CUST00415,Female,1,47,No,Fiber optic,80.57,3519.31,No
CUST00416,Male,1,5,No,Fiber optic,60.62,346.36,Yes
CUST00417,Male,0,12,Yes,DSL,85.82,980.96,No
CUST00418,Male,0,5,No,No,75.3,335.44,Yes
CUST00419,Male,0,1,Yes,No,95.24,92.69,Yes
CUST00420,Male,1,71,No,Fiber optic,21.18,2067.16,No
CUST00421,Male,0,33,Yes,DSL,42.81,1167.59,No
CUST00422,Female,0,66,No,DSL,78.75,5138.64,No
CUST00423,Female,0,36,Yes,Fiber optic,88.24,3077.11,Yes
CUST00424,Male,0,72,Yes,DSL,45.72,2817.02,No
CUST00425,Female,0,26,No,DSL,67.27,1603.02,No
CUST00426,Female,0,66,No,No,42.57,3037.39,No
CUST00427,Male,0,6,No,DSL,96.98,534.48,No
CUST00428,Female,0,17,Yes,DSL,22.14,293.81,No
CUST00429,Male,0,14,No,DSL,47.89,621.22,No
CUST00430,Male,1,1,Yes,No,98.53,93.74,Yes
CUST00431,Female,1,4,No,Fiber optic,70.14,301.32,No
CUST00432,Female,1,63,No,DSL,59.89,3289.18,No
CUST00433,Male,1,16,Yes,Fiber optic,67.65,,No
CUST00434,Male,1,0,No,Fiber optic,81.37,,Yes
CUST00435,Female,0,11,No,DSL,97.06,1053.24,Yes
CUST00436,Male,0,45,No,Fiber optic,63.47,2657.91,No
CUST00437,Male,0,11,Yes,DSL,61.67,595.73,No
CUST00438,Male,0,8,Yes,DSL,93.75,698.58,No
CUST00439,Male,0,12,No,No,95.94,1192.65,No
CUST00440,Female,0,31,No,DSL,28.61,,No
CUST00441,Female,0,1,No,DSL,66.51,,No
CUST00442,Female,0,60,Yes,Fiber optic,76.25,,No
CUST00443,Female,1,64,No,Fiber optic,57.14,3321.74,Yes
CUST00444,Male,0,32,Yes,DSL,34.79,1035.65,No
CUST00445,Female,0,20,Yes,DSL,72.49,1464.08,No
CUST00446,Female,0,65,Yes,No,21.95,1205.94,No
CUST00447,Male,0,49,Yes,Fiber optic,52.35,2894.22,No
CUST00448,Male,0,52,No,DSL,34.25,1312.94,No
CUST00449,Male,0,18,Yes,No,36.23,708.72,No
CUST00450,Female,0,71,No,Fiber optic,23.49,,Yes
CUST00451,Female,0,65,Yes,No,60.75,3748.59,No
CUST00452,Male,1,9,Yes,No,93.62,919.44,Yes
CUST00453,Male,0,9,No,Fiber optic,64.94,669.51,Yes
CUST00454,Female,0,27,Yes,DSL,85.72,2260.07,No
CUST00455,Male,0,10,No,DSL,78.29,828.82,Yes
CUST00456,Male,0,3,Yes,Fiber optic,109.12,337.56,Yes
CUST00457,Female,0,53,Yes,Fiber optic,22.41,1186.01,No
CUST00458,Male,1,4,Yes,Fiber optic,70.48,283.0,Yes
CUST00459,Male,1,1,No,DSL,83.04,82.17,Yes
CUST00460,Male,0,2,No,Fiber optic,62.51,125.83,No
CUST00461,Female,0,50,No,DSL,43.97,2517.97,No
CUST00462,Female,0,9,No,DSL,96.11,790.72,Yes
CUST00463,Female,0,12,No,DSL,96.43,1149.62,No
CUST00464,Female,0,64,Yes,Fiber optic,73.25,4050.64,No
CUST00465,Male,1,63,Yes,Fiber optic,96.22,5956.13,Yes
CUST00466,Male,0,6,Yes,Fiber optic,96.49,542.67,Yes
CUST00467,Male,0,4,No,DSL,60.28,217.16,No
CUST00468,Male,0,9,No,DSL,94.4,856.93,No
CUST00469,Male,0,47,Yes,DSL,69.14,2947.7,No
CUST00470,Male,0,70,No,Fiber optic,41.32,3124.65,No
CUST00471,Male,0,55,Yes,No,49.77,2949.39,No
CUST00472,Male,0,0,No,No,99.3,,Yes
CUST00473,Female,0,27,Yes,Fiber optic,85.86,2449.48,Yes
CUST00474,Female,0,66,Yes,No,46.97,3121.23,No
CUST00475,Male,0,14,No,DSL,98.99,1340.96,No
CUST00476,Male,1,15,No,DSL,62.38,1003.83,No
CUST00477,Female,0,5,No,DSL,68.57,309.95,No
CUST00478,Male,0,56,No,DSL,63.28,3420.43,No
CUST00479,Female,0,9,No,DSL,88.63,863.91,Yes
CUST00480,Male,1,4,No,DSL,104.04,394.51,Yes
CUST00481,Male,0,13,Yes,Fiber optic,72.11,851.61,No
CUST00482,Female,0,17,Yes,DSL,99.2,1579.67,No
CUST00483,Female,0,29,Yes,Fiber optic,70.03,2233.49,No
CUST00484,Male,0,16,Yes,No,89.65,1553.89,No
CUST00485,Male,1,68,Yes,Fiber optic,85.23,5468.84,Yes
CUST00486,Female,0,9,Yes,DSL,72.39,722.82,Yes
CUST00487,Female,0,54,Yes,Fiber optic,71.7,4060.86,No
CUST00488,Female,0,51,No,Fiber optic,69.48,3066.02,No
CUST00489,Female,1,36,No,Fiber optic,80.15,3172.44,No
CUST00490,Female,0,0,No,DSL,85.91,,No
CUST00491,Male,0,56,Yes,Fiber optic,68.13,4290.29,No
CUST00492,Male,0,31,No,DSL,68.15,1996.86,No
CUST00493,Male,0,45,Yes,Fiber optic,36.08,1730.31,No
CUST00494,Female,0,24,Yes,No,25.65,817.56,No
CUST00495,Male,0,43,Yes,DSL,30.86,1360.84,No
CUST00496,Female,0,2,No,DSL,66.58,121.7,No
CUST00497,Male,1,3,Yes,DSL,77.41,219.07,No
CUST00498,Female,0,3,No,Fiber optic,77.45,202.74,No
CUST00499,Male,0,60,No,Fiber optic,24.44,1606.77,No
CUST00500,Female,0,2,No,No,98.12,212.7,Yes
CUST00501,Male,0,9,Yes,No,78.37,650.02,No
CUST00502,Female,0,65,Yes,Fiber optic,74.1,5438.34,No
CUST00503,Female,0,34,No,DSL,87.51,3254.1,No
CUST00504,Male,0,52,Yes,No,89.1,4641.15,No
CUST00505,Male,1,4,Yes,Fiber optic,62.5,252.55,No
CUST00506,Female,0,13,Yes,DSL,98.87,1355.66,No
CUST00507,Female,0,8,Yes,DSL,98.08,781.16,No
CUST00508,Male,0,70,Yes,Fiber optic,82.01,5885.09,Yes
CUST00509,Female,1,33,No,DSL,21.42,919.14,Yes
CUST00510,Male,0,44,No,Fiber optic,43.22,2336.01,Yes
CUST00511,Male,0,9,Yes,Fiber optic,88.37,747.8,Yes
CUST00512,Female,0,23,No,DSL,50.55,1275.02,No
CUST00513,Female,1,51,Yes,Fiber optic,43.31,1783.87,No
CUST00514,Male,0,13,Yes,DSL,50.91,680.05,No
CUST00515,Female,0,3,No,No,74.99,214.62,No
CUST00516,Female,0,64,Yes,Fiber optic,70.45,4606.85,Yes
CUST00517,Male,1,12,Yes,Fiber optic,80.44,924.47,No
CUST00518,Male,0,1,Yes,No,62.15,69.63,No
CUST00519,Female,0,6,No,DSL,84.29,486.89,No
CUST00520,Female,0,22,No,No,77.69,1667.75,No
CUST00521,Male,0,61,No,No,78.01,5318.27,No
CUST00522,Male,0,13,Yes,DSL,23.91,193.03,No
CUST00523,Female,0,42,No,Fiber optic,31.58,1320.73,No
CUST00524,Male,0,0,No,DSL,105.4,,No
CUST00525,Female,0,7,Yes,Fiber optic,67.97,,No
CUST00526,Female,1,13,Yes,DSL,73.2,887.97,No
CUST00527,Male,0,3,No,Fiber optic,60.5,183.91,No
CUST00528,Female,1,11,Yes,Fiber optic,101.33,1160.35,Yes
CUST00529,Female,0,45,No,DSL,42.43,1541.71,No
CUST00530,Male,0,43,No,DSL,22.96,1235.66,No
CUST00531,Female,0,33,No,Fiber optic,79.43,2617.33,No
CUST00532,Male,0,14,No,No,80.84,1068.88,No
CUST00533,Female,0,0,No,Fiber optic,80.07,,Yes
CUST00534,Female,0,63,No,Fiber optic,43.28,,No
CUST00535,Female,0,14,Yes,Fiber optic,34.46,584.56,No
CUST00536,Female,0,57,Yes,No,60.43,3399.53,No
CUST00537,Female,1,30,Yes,Fiber optic,98.54,2765.39,No
CUST00538,Female,0,33,No,DSL,65.34,1927.91,No
CUST00539,Female,0,41,No,Fiber optic,97.29,4312.6,No
CUST00540,Female,0,9,No,DSL,85.78,696.56,No
CUST00541,Female,0,43,Yes,Fiber optic,23.99,1330.89,No
CUST00542,Male,0,3,Yes,DSL,66.11,221.25,No
CUST00543,Female,0,29,No,No,56.99,1508.6,No
CUST00544,Male,0,66,No,DSL,81.19,5560.64,No
CUST00545,Male,0,5,No,DSL,63.11,302.53,No
CUST00546,Female,0,60,No,DSL,63.94,3502.86,No
CUST00547,Male,0,5,No,DSL,92.3,422.2,No
CUST00548,Male,0,1,No,Fiber optic,109.4,115.56,No
CUST00549,Male,0,46,Yes,DSL,25.44,972.05,No
CUST00550,Female,0,12,Yes,DSL,82.03,1093.71,No
CUST00551,Male,0,54,No,DSL,50.46,2763.31,No
CUST00552,Male,0,5,No,No,93.12,,No
CUST00553,Female,0,4,Yes,Fiber optic,107.4,427.01,Yes
CUST00554,Female,0,5,No,Fiber optic,101.71,461.16,Yes
CUST00555,Female,0,52,No,Fiber optic,27.55,1795.5,No
CUST00556,Female,0,9,Yes,DSL,93.89,816.64,Yes
CUST00557,Male,0,53,No,Fiber optic,20.51,1254.17,Yes
CUST00558,Female,0,30,No,DSL,98.06,2864.73,No
CUST00559,Male,1,29,Yes,DSL,32.44,1031.25,No
CUST00560,Male,0,2,Yes,DSL,103.74,203.75,No
CUST00561,Female,0,49,Yes,No,42.51,2191.69,No
CUST00562,Male,0,38,No,DSL,24.89,1261.51,No
CUST00563,Male,0,50,No,Fiber optic,72.88,3866.91,Yes
CUST00564,Male,0,35,No,DSL,72.54,,No
CUST00565,Female,0,20,No,No,94.43,2034.76,No
CUST00566,Male,0,58,No,DSL,52.69,3035.08,No
CUST00567,Male,0,10,Yes,Fiber optic,84.72,909.9,Yes
CUST00568,Female,0,4,Yes,DSL,96.44,384.83,Yes
CUST00569,Female,0,25,No,No,62.9,1689.22,No
CUST00570,Female,0,69,Yes,DSL,77.84,5041.19,No
CUST00571,Female,0,68,No,DSL,72.76,,No
CUST00572,Male,0,12,No,Fiber optic,46.45,669.67,Yes
CUST00573,Female,0,65,No,DSL,95.48,6735.95,No
CUST00574,Female,0,7,No,DSL,68.04,483.04,No
CUST00575,Female,0,8,No,DSL,84.08,746.55,Yes
CUST00576,Male,0,4,No,DSL,102.82,378.18,No
CUST00577,Female,0,45,Yes,Fiber optic,96.84,4611.07,Yes
CUST00578,Female,0,12,Yes,Fiber optic,81.59,1013.0,Yes
CUST00579,Female,1,55,Yes,Fiber optic,71.46,3381.78,Yes
CUST00580,Male,1,25,Yes,No,77.41,2090.57,Yes
CUST00581,Female,0,0,Yes,Fiber optic,65.32,,No
CUST00582,Female,1,12,Yes,Fiber optic,95.16,,No
CUST00583,Male,0,36,Yes,No,22.06,976.64,No
CUST00584,Female,0,13,No,DSL,66.84,831.5,No
CUST00585,Male,0,11,No,DSL,60.53,716.88,No
CUST00586,Male,1,9,Yes,Fiber optic,76.42,685.74,Yes
CUST00587,Female,1,14,Yes,Fiber optic,74.31,959.55,Yes
CUST00588,Male,0,4,No,Fiber optic,102.87,372.6,No
CUST00589,Male,0,9,Yes,Fiber optic,88.97,750.8,Yes
CUST00590,Male,0,57,Yes,DSL,57.58,3596.5,No
CUST00591,Female,0,2,Yes,Fiber optic,89.65,185.08,Yes
CUST00592,Female,0,21,Yes,No,39.56,,No
CUST00593,Female,0,35,No,No,24.3,949.91,No
CUST00594,Female,0,9,No,DSL,84.16,698.91,Yes
CUST00595,Female,0,70,Yes,Fiber optic,72.75,5692.64,No
CUST00596,Female,0,66,Yes,Fiber optic,66.47,3731.08,Yes
CUST00597,Male,0,53,Yes,DSL,20.47,620.26,No
CUST00598,Male,0,54,No,Fiber optic,59.75,,No
CUST00599,Female,1,39,Yes,Fiber optic,55.65,2428.0,No
CUST00600,Female,1,5,Yes,No,97.06,499.32,Yes
CUST00601,Female,0,22,No,Fiber optic,59.45,1279.42,No
CUST00602,Male,0,58,No,No,26.39,1844.11,No
CUST00603,Female,0,62,Yes,Fiber optic,76.87,4996.99,No
CUST00604,Male,0,37,No,Fiber optic,75.7,2765.64,No
CUST00605,Female,0,16,Yes,DSL,88.11,1343.44,No
CUST00606,Female,0,32,No,No,43.3,1653.38,No
CUST00607,Female,0,27,No,Fiber optic,20.87,351.12,No
CUST00608,Female,0,29,No,DSL,85.04,2331.48,No
CUST00609,Male,0,60,No,DSL,80.11,4393.65,No
CUST00610,Male,0,0,No,DSL,106.45,,Yes
CUST00611,Female,0,47,Yes,No,20.41,1122.94,No
CUST00612,Male,0,70,No,No,42.08,2343.95,No
CUST00613,Female,0,60,Yes,DSL,58.1,3867.28,No
CUST00614,Male,1,70,No,DSL,53.19,3928.52,No
CUST00615,Female,1,7,No,DSL,76.23,497.55,No
CUST00616,Male,1,6,Yes,No,94.67,624.32,Yes
CUST00617,Male,0,36,No,No,34.82,1212.19,No
CUST00618,Female,1,68,Yes,Fiber optic,60.65,3968.91,Yes
CUST00619,Female,0,22,Yes,DSL,52.68,1059.66,No
CUST00620,Female,0,7,Yes,No,99.51,759.78,No
CUST00621,Female,0,44,Yes,No,79.27,3187.58,No
CUST00622,Male,0,5,Yes,Fiber optic,87.02,390.61,No
CUST00623,Male,0,27,No,Fiber optic,67.79,1668.64,No
CUST00624,Male,0,9,No,DSL,69.84,616.67,No
CUST00625,Female,0,7,Yes,Fiber optic,85.71,553.71,Yes
CUST00626,Male,0,42,Yes,Fiber optic,32.3,1658.07,No
CUST00627,Male,0,23,Yes,Fiber optic,61.99,1485.26,No
CUST00628,Male,0,35,Yes,DSL,93.76,3619.07,No
CUST00629,Female,0,21,Yes,No,95.67,2191.2,No
CUST00630,Male,0,4,No,No,66.44,265.21,No
CUST00631,Female,0,7,No,Fiber optic,71.94,513.62,Yes
CUST00632,Male,0,15,Yes,Fiber optic,42.08,654.42,No
CUST00633,Male,0,37,No,Fiber optic,21.54,1021.72,Yes
CUST00634,Female,0,17,No,Fiber optic,74.53,,Yes
CUST00635,Female,0,12,No,No,27.08,403.36,No
CUST00636,Female,1,14,Yes,DSL,58.82,697.73,No
CUST00637,Female,0,4,No,DSL,106.37,403.88,Yes
CUST00638,Female,0,69,Yes,Fiber optic,31.83,1886.97,Yes
CUST00639,Female,1,13,Yes,Fiber optic,34.04,513.58,No
CUST00640,Female,0,3,No,DSL,70.23,219.06,Yes
CUST00641,Male,0,16,Yes,DSL,98.27,1654.23,No
CUST00642,Female,1,44,No,No,95.51,4130.98,Yes
CUST00643,Male,0,4,Yes,Fiber optic,70.97,302.12,No
CUST00644,Male,0,11,Yes,Fiber optic,76.46,818.72,No
CUST00645,Male,0,27,No,No,63.92,1685.31,No
CUST00646,Male,0,0,No,No,66.69,,No
CUST00647,Female,0,35,Yes,DSL,62.45,1857.27,No
CUST00648,Male,0,50,No,Fiber optic,68.53,3698.09,No
CUST00649,Male,0,10,Yes,Fiber optic,97.7,966.06,Yes
CUST00650,Male,0,53,No,Fiber optic,82.22,4352.1,Yes
CUST00651,Female,0,2,No,Fiber optic,83.87,,Yes
CUST00652,Female,0,2,No,DSL,61.27,128.54,No
CUST00653,Male,0,36,Yes,No,83.77,2982.55,No
CUST00654,Female,0,30,No,DSL,38.86,899.34,No
CUST00655,Female,1,9,No,DSL,61.61,572.05,Yes
CUST00656,Female,0,40,No,Fiber optic,49.18,2073.66,No
CUST00657,Female,1,10,No,Fiber optic,94.0,911.54,Yes
CUST00658,Male,0,30,No,DSL,52.63,1337.91,No
CUST00659,Female,0,61,Yes,No,67.62,4118.99,No
CUST00660,Female,0,1,Yes,DSL,75.54,69.52,No
CUST00661,Male,0,67,Yes,DSL,37.96,2072.65,No
CUST00662,Female,1,25,Yes,Fiber optic,42.63,1155.17,Yes
CUST00663,Female,0,33,No,DSL,27.21,959.46,No
CUST00664,Female,0,5,Yes,DSL,95.14,506.74,No
CUST00665,Female,0,11,No,Fiber optic,73.89,905.84,No
CUST00666,Female,1,5,No,Fiber optic,88.93,440.91,Yes
CUST00667,Male,0,57,Yes,DSL,35.07,2279.16,No
CUST00668,Female,0,7,Yes,DSL,62.06,,No
CUST00669,Female,1,26,Yes,No,42.02,878.74,No
CUST00670,Female,0,63,Yes,Fiber optic,58.39,3889.17,No
CUST00671,Female,0,15,No,Fiber optic,22.54,214.41,No
CUST00672,Male,0,39,Yes,Fiber optic,30.58,834.77,No
CUST00673,Female,0,26,Yes,DSL,24.02,564.99,No
CUST00674,Male,1,68,No,Fiber optic,74.41,4490.3,Yes
CUST00675,Female,0,43,Yes,Fiber optic,60.74,2247.13,Yes
CUST00676,Female,1,59,No,Fiber optic,90.45,5139.07,No
CUST00677,Male,0,12,Yes,DSL,94.15,1074.12,No
CUST00678,Female,0,52,Yes,No,22.51,1057.49,No
CUST00679,Male,0,70,Yes,Fiber optic,80.19,,No
CUST00680,Female,0,6,No,DSL,61.13,403.79,No
CUST00681,Male,0,31,Yes,No,78.7,2194.94,No
CUST00682,Male,0,6,No,Fiber optic,78.48,487.18,No
CUST00683,Female,0,12,No,DSL,44.55,464.3,No
CUST00684,Female,0,29,No,DSL,38.91,1405.37,No
CUST00685,Male,0,66,Yes,Fiber optic,41.51,2990.44,Yes
CUST00686,Male,1,59,No,Fiber optic,47.61,2569.72,Yes
CUST00687,Female,1,6,Yes,DSL,106.19,,Yes
CUST00688,Female,0,58,No,DSL,81.5,4837.96,No
CUST00689,Female,1,10,Yes,No,96.8,869.87,Yes
CUST00690,Male,0,3,No,No,78.79,,No
CUST00691,Male,0,68,Yes,Fiber optic,26.67,2348.38,No
CUST00692,Male,0,53,No,Fiber optic,76.42,4441.79,No
CUST00693,Male,0,5,No,Fiber optic,70.49,363.28,Yes
CUST00694,Male,0,11,No,DSL,109.15,1228.66,Yes
CUST00695,Male,0,31,No,No,21.05,563.1,No
CUST00696,Male,0,64,Yes,Fiber optic,93.87,5725.99,Yes
CUST00697,Female,0,5,Yes,Fiber optic,90.57,441.26,No
CUST00698,Female,0,10,No,DSL,70.99,784.59,No
CUST00699,Female,0,69,No,Fiber optic,91.58,6125.82,No
CUST00700,Female,0,33,Yes,Fiber optic,89.15,3104.47,Yes
CUST00701,Female,0,16,Yes,Fiber optic,62.56,877.39,Yes
CUST00702,Male,0,33,No,Fiber optic,22.41,986.71,No
CUST00703,Male,0,9,No,Fiber optic,83.78,839.75,No
CUST00704,Male,0,35,Yes,Fiber optic,54.21,2183.44,No
CUST00705,Female,1,6,No,Fiber optic,109.58,698.74,Yes
CUST00706,Female,0,5,Yes,DSL,64.0,303.89,No
CUST00707,Female,1,69,Yes,DSL,83.23,6183.71,No
CUST00708,Female,1,16,Yes,DSL,43.93,660.86,No
CUST00709,Female,0,4,Yes,Fiber optic,75.94,267.84,Yes
CUST00710,Male,0,36,Yes,DSL,40.48,1507.57,No
CUST00711,Male,0,12,Yes,Fiber optic,79.31,933.35,No
CUST00712,Male,1,20,Yes,Fiber optic,48.34,1054.0,No
CUST00713,Female,0,68,No,Fiber optic,63.29,,Yes
CUST00714,Female,0,30,No,Fiber optic,54.71,1570.4,No
CUST00715,Female,1,10,Yes,No,100.25,959.14,Yes
CUST00716,Female,0,10,Yes,Fiber optic,82.94,879.87,Yes
CUST00717,Female,1,14,Yes,Fiber optic,54.89,857.22,No
CUST00718,Female,0,70,No,DSL,72.84,5269.31,No
CUST00719,Male,0,69,Yes,No,96.42,6571.88,No
CUST00720,Female,0,45,No,DSL,25.03,1133.75,No
CUST00721,Female,1,42,No,No,92.55,4158.67,No
CUST00722,Male,0,4,No,No,75.56,301.09,Yes
CUST00723,Female,1,23,Yes,Fiber optic,53.85,1183.78,No
CUST00724,Male,0,13,No,No,53.19,808.59,No
CUST00725,Female,0,1,No,DSL,75.65,77.96,Yes
CUST00726,Male,0,47,Yes,Fiber optic,98.78,4209.73,No
CUST00727,Male,0,22,Yes,Fiber optic,88.76,2118.71,Yes
CUST00728,Male,0,61,No,Fiber optic,83.84,,No
CUST00729,Male,0,28,No,DSL,97.44,2775.01,No
CUST00730,Male,0,12,Yes,No,55.17,676.65,No
CUST00731,Male,0,19,No,DSL,72.57,1322.97,No
CUST00732,Male,0,17,No,No,20.96,193.35,No
CUST00733,Male,0,12,No,DSL,60.5,702.53,No
CUST00734,Female,0,54,No,Fiber optic,22.85,1380.14,Yes
CUST00735,Female,0,14,Yes,Fiber optic,35.58,400.77,No
CUST00736,Male,0,56,No,No,87.88,4986.48,No
CUST00737,Male,0,31,Yes,Fiber optic,27.14,1040.19,No
CUST00738,Male,0,8,Yes,Fiber optic,75.23,616.92,No
CUST00739,Male,0,1,Yes,Fiber optic,62.73,66.04,No
CUST00740,Male,0,11,No,Fiber optic,85.12,835.08,Yes
CUST00741,Male,1,3,Yes,DSL,89.78,247.87,No
CUST00742,Male,1,55,No,Fiber optic,38.79,2043.19,No
CUST00743,Male,0,45,No,Fiber optic,78.34,3366.87,No
CUST00744,Female,1,52,Yes,Fiber optic,75.71,4328.65,No
CUST00745,Male,0,59,Yes,DSL,29.99,2086.02,No
CUST00746,Female,0,17,Yes,DSL,57.87,1088.61,No
CUST00747,Female,0,25,No,Fiber optic,87.92,2352.97,No
CUST00748,Female,0,37,Yes,No,96.57,3849.17,No
CUST00749,Male,1,29,No,Fiber optic,74.7,2176.1,Yes
CUST00750,Male,0,21,Yes,Fiber optic,53.98,1051.36,Yes
CUST00751,Female,0,30,Yes,Fiber optic,66.76,1992.23,Yes
CUST00752,Female,0,1,No,Fiber optic,86.23,90.07,No
CUST00753,Male,0,0,No,DSL,74.05,,Yes
CUST00754,Male,1,54,No,No,20.05,1060.93,No
CUST00755,Male,0,15,No,Fiber optic,48.52,750.42,No
CUST00756,Male,0,6,Yes,No,68.66,394.12,No
CUST00757,Female,0,48,No,Fiber optic,81.31,3482.05,No
CUST00758,Female,1,70,Yes,No,29.66,,No
CUST00759,Male,0,70,No,Fiber optic,27.77,2106.17,Yes
CUST00760,Male,0,61,Yes,Fiber optic,73.91,4131.06,No
CUST00761,Female,0,6,Yes,DSL,94.9,559.62,Yes
CUST00762,Female,0,56,Yes,DSL,65.63,3471.95,No
CUST00763,Female,0,24,Yes,Fiber optic,57.52,1384.47,No
CUST00764,Male,0,63,Yes,No,99.6,6764.11,No
CUST00765,Female,0,25,Yes,DSL,88.87,2140.81,No
CUST00766,Female,1,10,No,Fiber optic,75.31,694.66,No
CUST00767,Male,1,6,Yes,Fiber optic,96.43,,Yes
CUST00768,Female,0,29,Yes,No,25.71,486.5,No
CUST00769,Female,0,45,Yes,DSL,96.13,4586.33,No
CUST00770,Male,1,21,Yes,DSL,77.53,1585.38,Yes
CUST00771,Male,0,12,Yes,Fiber optic,34.78,505.24,No
CUST00772,Female,0,69,No,Fiber optic,50.86,3970.28,No
CUST00773,Female,0,29,Yes,DSL,68.43,1945.12,No
CUST00774,Male,0,51,Yes,DSL,28.23,1485.52,No
CUST00775,Female,0,0,Yes,Fiber optic,105.05,,Yes
CUST00776,Female,0,1,Yes,Fiber optic,92.82,88.01,No
CUST00777,Male,1,60,No,DSL,20.27,644.78,No
CUST00778,Female,0,4,No,DSL,100.26,377.04,Yes
CUST00779,Male,0,1,Yes,Fiber optic,61.27,68.77,No
CUST00780,Female,0,12,No,DSL,68.96,921.3,No
CUST00781,Male,0,43,Yes,Fiber optic,83.14,3257.9,No
CUST00782,Female,0,52,Yes,Fiber optic,34.85,1659.6,No
CUST00783,Female,0,30,Yes,DSL,36.78,853.5,No
CUST00784,Female,0,54,Yes,No,25.11,,No
CUST00785,Male,1,62,No,Fiber optic,76.33,4735.9,Yes
CUST00786,Male,1,16,No,DSL,51.93,755.2,No
CUST00787,Female,0,25,No,DSL,87.72,2041.44,No
CUST00788,Female,0,71,No,Fiber optic,32.71,2838.9,Yes
CUST00789,Male,0,18,No,DSL,84.19,1350.86,No
CUST00790,Female,0,12,Yes,DSL,73.5,782.43,No
CUST00791,Female,0,7,No,Fiber optic,80.44,502.85,Yes
CUST00792,Male,1,9,No,Fiber optic,79.65,664.92,Yes
CUST00793,Male,0,47,Yes,DSL,71.76,2923.71,No
CUST00794,Female,0,60,Yes,DSL,83.02,5423.78,No
CUST00795,Female,0,58,Yes,DSL,64.14,3753.87,No
CUST00796,Male,1,0,Yes,DSL,67.12,,No
CUST00797,Male,0,3,Yes,Fiber optic,88.92,268.13,Yes
CUST00798,Male,0,18,No,DSL,46.61,982.57,No
CUST00799,Female,0,37,No,Fiber optic,60.21,2030.51,No
CUST00800,Male,1,31,Yes,Fiber optic,23.57,831.76,Yes
CUST00801,Female,0,8,No,Fiber optic,100.0,806.76,Yes
CUST00802,Male,1,1,No,DSL,68.88,78.46,No
CUST00803,Female,1,37,No,No,61.73,2112.62,No
CUST00804,Male,0,19,No,DSL,98.73,1695.69,No
CUST00805,Female,0,4,No,Fiber optic,91.89,344.67,Yes
CUST00806,Male,0,25,No,DSL,66.57,1801.52,No
CUST00807,Female,0,18,No,Fiber optic,37.48,521.44,No
CUST00808,Female,0,0,No,Fiber optic,81.79,,Yes
CUST00809,Female,1,50,Yes,No,82.63,4551.69,No
CUST00810,Male,0,36,Yes,DSL,37.31,1369.14,No
CUST00811,Male,1,16,No,DSL,47.08,673.91,Yes
CUST00812,Male,1,64,No,No,93.57,5903.95,No
CUST00813,Female,1,5,Yes,No,92.6,451.69,Yes
CUST00814,Female,0,17,No,Fiber optic,77.16,1175.34,No
CUST00815,Female,0,1,No,DSL,97.82,90.48,No
CUST00816,Male,0,44,Yes,DSL,81.21,3253.7,No
CUST00817,Female,0,56,Yes,No,37.62,2048.57,No
CUST00818,Male,1,5,Yes,DSL,83.29,377.38,Yes
CUST00819,Female,0,47,Yes,DSL,84.61,4236.21,No
CUST00820,Female,1,27,No,DSL,51.86,1488.03,No
CUST00821,Male,0,39,No,No,66.27,2794.32,No
CUST00822,Female,0,3,Yes,Fiber optic,97.65,,No
CUST00823,Male,0,58,No,Fiber optic,54.09,3474.22,No
CUST00824,Female,0,41,Yes,Fiber optic,84.69,3639.4,No
CUST00825,Male,0,63,No,No,37.91,2945.48,No
CUST00826,Female,0,64,Yes,Fiber optic,85.82,5523.27,No
CUST00827,Male,1,12,Yes,No,92.5,1216.58,No
CUST00828,Female,0,0,No,No,107.13,,Yes
CUST00829,Female,0,7,No,DSL,93.31,682.95,No
CUST00830,Female,0,18,No,Fiber optic,31.41,418.35,No
CUST00831,Female,0,7,Yes,DSL,81.13,575.44,Yes
CUST00832,Female,0,71,Yes,Fiber optic,43.66,3009.92,No
CUST00833,Female,0,7,No,DSL,83.24,606.23,Yes
CUST00834,Male,0,3,No,DSL,101.0,279.69,Yes
CUST00835,Male,0,10,Yes,DSL,106.42,,Yes
CUST00836,Female,0,3,Yes,Fiber optic,89.85,292.35,No
CUST00837,Female,0,56,No,Fiber optic,72.5,4180.09,No
CUST00838,Female,1,7,No,Fiber optic,89.79,666.76,Yes
CUST00839,Female,0,70,No,Fiber optic,55.13,3258.35,No
CUST00840,Female,1,38,No,No,58.38,2239.4,No
CUST00841,Female,0,34,No,No,80.23,2840.78,No
CUST00842,Male,0,6,No,No,79.67,447.39,Yes
CUST00843,Male,0,36,No,Fiber optic,26.51,841.9,No
CUST00844,Male,0,0,No,Fiber optic,107.9,,Yes
CUST00845,Female,0,9,Yes,Fiber optic,76.19,701.89,Yes
CUST00846,Female,0,4,No,Fiber optic,69.68,300.72,No
CUST00847,Female,0,57,Yes,DSL,78.87,4649.99,No
CUST00848,Male,0,10,Yes,Fiber optic,95.92,942.9,Yes
CUST00849,Female,0,70,No,No,93.63,7072.92,No
CUST00850,Female,0,46,No,No,55.67,2556.06,No
CUST00851,Female,0,33,Yes,No,45.99,,No
CUST00852,Female,1,12,No,Fiber optic,40.85,436.5,No
CUST00853,Female,0,39,Yes,No,52.5,,No
CUST00854,Female,1,56,No,DSL,83.87,,No
CUST00855,Female,0,11,Yes,Fiber optic,62.48,623.28,No
CUST00856,Female,0,0,Yes,Fiber optic,65.61,,Yes
CUST00857,Female,1,11,No,DSL,101.85,1065.05,Yes
CUST00858,Male,0,44,No,DSL,99.46,4311.53,No
CUST00859,Male,1,5,No,No,62.26,297.09,No
CUST00860,Female,0,4,Yes,DSL,68.18,296.56,No
CUST00861,Female,0,25,Yes,No,46.88,1321.5,No
CUST00862,Male,0,63,No,DSL,36.75,2866.22,No
CUST00863,Female,0,38,No,DSL,78.64,2831.06,No
CUST00864,Male,0,5,No,DSL,76.31,373.91,Yes
CUST00865,Male,0,61,No,DSL,96.39,6290.72,No
CUST00866,Female,0,45,Yes,No,69.07,,No
CUST00867,Male,1,11,Yes,DSL,75.23,934.37,Yes
CUST00868,Female,0,70,Yes,No,99.54,6926.85,No
CUST00869,Female,1,2,Yes,Fiber optic,103.8,206.65,No
CUST00870,Female,0,49,No,DSL,94.92,,No
CUST00871,Male,0,5,No,DSL,71.25,315.35,No
CUST00872,Female,0,11,No,DSL,78.08,775.94,Yes
CUST00873,Female,0,31,Yes,Fiber optic,98.0,3176.6,No
CUST00874,Female,0,12,Yes,No,29.0,229.21,No
CUST00875,Male,0,47,Yes,DSL,75.72,3316.14,No
CUST00876,Female,0,4,No,DSL,100.95,433.84,Yes
CUST00877,Female,1,2,Yes,DSL,87.29,183.17,Yes
CUST00878,Female,0,7,No,No,71.8,472.93,Yes
CUST00879,Female,1,62,Yes,Fiber optic,27.45,1502.37,No
CUST00880,Male,0,22,Yes,No,59.49,1230.32,No
CUST00881,Male,1,51,Yes,No,24.97,1563.22,No
CUST00882,Female,0,59,Yes,Fiber optic,75.13,3958.93,Yes
CUST00883,Male,0,37,Yes,No,62.51,1976.36,No
CUST00884,Female,1,8,Yes,Fiber optic,65.13,444.76,No
CUST00885,Female,0,65,Yes,DSL,42.26,2908.09,No
CUST00886,Male,1,1,No,DSL,100.57,108.83,Yes
CUST00887,Male,0,53,No,Fiber optic,29.6,1063.23,No
CUST00888,Female,0,5,Yes,Fiber optic,94.21,478.87,Yes
CUST00889,Male,1,3,No,DSL,67.31,188.6,No
CUST00890,Male,0,64,Yes,No,46.62,2460.22,No
CUST00891,Female,0,52,No,Fiber optic,61.52,2853.05,No
CUST00892,Male,0,49,Yes,DSL,62.05,,No
CUST00893,Male,1,65,Yes,No,29.21,1655.36,No
CUST00894,Male,0,10,Yes,DSL,100.88,1095.18,Yes
CUST00895,Female,0,60,No,No,48.41,2466.26,No
CUST00896,Female,0,20,Yes,Fiber optic,21.87,540.05,No
CUST00897,Male,0,4,No,DSL,100.83,423.96,Yes
CUST00898,Female,0,7,Yes,Fiber optic,89.17,573.08,No
CUST00899,Male,0,53,No,DSL,76.45,4533.12,No
CUST00900,Female,0,58,Yes,DSL,70.26,3700.43,No
CUST00901,Female,1,67,No,Fiber optic,53.59,3066.1,No
CUST00902,Male,1,6,Yes,Fiber optic,105.09,683.68,Yes
CUST00903,Male,0,56,No,Fiber optic,67.31,4068.61,No
CUST00904,Female,0,44,Yes,No,83.62,4038.69,No
CUST00905,Male,0,15,Yes,Fiber optic,28.05,490.63,No
CUST00906,Female,0,11,No,No,81.78,965.16,Yes
CUST00907,Male,0,3,No,DSL,67.69,179.24,No
CUST00908,Male,0,32,Yes,DSL,72.2,2289.81,No
CUST00909,Male,0,24,Yes,Fiber optic,40.38,1016.91,No
CUST00910,Female,0,4,No,DSL,103.38,381.27,Yes
CUST00911,Male,0,39,Yes,Fiber optic,80.65,2911.49,No
CUST00912,Female,0,49,No,Fiber optic,90.55,4137.23,No
CUST00913,Male,0,24,Yes,Fiber optic,46.5,1014.78,Yes
CUST00914,Male,0,13,Yes,Fiber optic,20.6,286.94,No
CUST00915,Female,0,60,No,Fiber optic,28.3,1486.13,No
CUST00916,Female,0,47,Yes,DSL,78.2,,No
CUST00917,Female,0,1,No,Fiber optic,102.55,101.39,Yes
CUST00918,Female,1,38,No,No,51.38,2228.48,No
CUST00919,Female,0,1,Yes,DSL,78.89,85.58,Yes
CUST00920,Male,0,57,No,Fiber optic,72.02,4574.43,No
CUST00921,Male,1,35,No,DSL,77.29,2785.3,Yes
CUST00922,Female,0,1,No,DSL,89.77,80.41,Yes
CUST00923,Male,0,70,Yes,Fiber optic,81.59,5606.64,No
CUST00924,Female,1,20,Yes,No,32.69,584.05,No
CUST00925,Male,0,40,Yes,DSL,29.31,1068.62,No
CUST00926,Female,0,4,Yes,No,107.51,456.1,Yes
CUST00927,Female,0,1,Yes,No,60.83,53.33,No
CUST00928,Male,0,33,Yes,Fiber optic,33.98,1448.25,No
CUST00929,Male,0,9,Yes,Fiber optic,75.07,692.67,Yes
CUST00930,Male,0,34,No,DSL,41.76,1130.03,No
CUST00931,Male,0,8,No,Fiber optic,68.44,527.05,No
CUST00932,Male,1,11,No,Fiber optic,85.13,880.22,Yes
CUST00933,Female,0,54,No,No,90.55,5065.73,No
CUST00934,Male,1,70,No,No,52.35,3628.97,No
CUST00935,Male,0,6,No,DSL,84.33,477.56,No
CUST00936,Female,0,5,No,DSL,78.93,361.76,No
CUST00937,Female,0,3,Yes,DSL,96.12,300.9,No
CUST00938,Male,0,12,No,DSL,84.5,1067.61,No
CUST00939,Male,1,30,No,No,49.37,1744.96,No
CUST00940,Female,0,3,No,DSL,99.93,321.28,Yes
CUST00941,Female,0,60,Yes,No,97.55,5755.09,No
CUST00942,Female,0,5,No,DSL,109.22,537.73,Yes
CUST00943,Female,0,29,Yes,No,50.01,1506.35,No
CUST00944,Male,0,2,No,DSL,85.93,166.22,No
CUST00945,Female,0,8,No,Fiber optic,106.27,875.99,Yes
CUST00946,Female,0,13,No,No,46.0,583.93,No
CUST00947,Male,0,6,Yes,DSL,74.65,451.72,Yes
CUST00948,Male,0,7,No,Fiber optic,104.49,789.06,Yes
CUST00949,Female,0,1,No,DSL,92.68,85.31,Yes
CUST00950,Male,0,15,No,DSL,33.85,617.27,No
CUST00951,Female,0,10,Yes,DSL,101.13,1087.21,No
CUST00952,Female,0,1,Yes,DSL,83.92,87.79,No
CUST00953,Female,0,5,Yes,DSL,104.96,566.06,No
CUST00954,Male,0,60,Yes,Fiber optic,74.88,4700.62,No
CUST00955,Male,0,3,Yes,DSL,61.58,190.66,No
CUST00956,Female,1,1,No,No,74.16,82.97,Yes
CUST00957,Female,1,31,No,DSL,44.1,1467.2,No
CUST00958,Female,0,10,No,Fiber optic,85.35,936.03,Yes
CUST00959,Female,0,38,No,Fiber optic,62.91,2047.5,Yes
CUST00960,Male,1,36,Yes,Fiber optic,34.18,1083.43,Yes
CUST00961,Male,0,2,No,DSL,65.02,124.05,No
CUST00962,Male,0,3,Yes,DSL,91.58,251.62,No
CUST00963,Female,0,0,No,DSL,91.72,,No
CUST00964,Female,0,53,Yes,DSL,73.18,3793.61,No
CUST00965,Female,1,0,Yes,Fiber optic,102.78,,Yes
CUST00966,Male,0,62,Yes,No,74.6,4706.99,No
CUST00967,Female,0,10,Yes,No,96.25,875.45,Yes
CUST00968,Male,0,7,No,DSL,69.72,488.9,No
CUST00969,Male,0,6,No,Fiber optic,72.58,385.74,No
CUST00970,Male,0,27,No,Fiber optic,93.76,2273.25,Yes
CUST00971,Female,0,28,No,Fiber optic,24.05,679.68,No
CUST00972,Female,0,33,Yes,Fiber optic,67.88,2133.64,No
CUST00973,Male,1,6,Yes,No,67.23,349.26,Yes
CUST00974,Male,0,7,No,Fiber optic,97.0,668.82,Yes
CUST00975,Female,0,8,No,DSL,99.91,772.33,No
CUST00976,Female,0,5,No,DSL,83.4,461.45,No
CUST00977,Female,0,70,No,DSL,89.41,6586.55,No
CUST00978,Female,1,21,No,Fiber optic,30.44,607.4,No
CUST00979,Female,0,26,No,Fiber optic,92.52,2314.14,No
CUST00980,Male,0,40,Yes,Fiber optic,85.02,3237.32,No
CUST00981,Female,0,17,No,DSL,67.85,1288.99,No
CUST00982,Female,1,67,Yes,Fiber optic,85.54,5348.15,Yes
CUST00983,Male,0,62,No,Fiber optic,77.33,4439.66,No
CUST00984,Male,0,5,Yes,No,74.6,349.76,Yes
CUST00985,Female,0,7,No,DSL,96.53,641.59,Yes
CUST00986,Male,0,39,Yes,Fiber optic,92.15,3717.25,No
CUST00987,Female,0,7,Yes,DSL,77.3,539.87,Yes
CUST00988,Female,0,24,No,DSL,20.72,318.76,No
CUST00989,Female,1,11,Yes,DSL,103.67,1062.06,No
CUST00990,Female,1,32,No,Fiber optic,64.14,1791.44,No
CUST00991,Female,0,11,No,DSL,65.03,802.99,No
CUST00992,Female,0,1,Yes,Fiber optic,83.69,79.97,Yes
CUST00993,Male,0,6,No,No,96.42,535.41,No
CUST00994,Female,0,29,Yes,Fiber optic,51.49,1486.78,No
CUST00995,Female,0,2,Yes,Fiber optic,64.77,120.27,No
CUST00996,Male,1,31,No,No,77.98,,No
CUST00997,Female,0,29,No,Fiber optic,57.53,1956.7,No
CUST00998,Male,0,62,Yes,DSL,40.44,2670.49,No
CUST00999,Female,0,56,Yes,Fiber optic,26.32,1146.56,No
CUST01000,Female,0,8,No,Fiber optic,108.95,821.3,Yes
